{
  "accuracy": 0.7515475137745732,
  "cv_mean_accuracy": 0.7766742922557265,
  "cv_std": 0.0007705451906955381,
  "cv_scores": [
    0.7762063345851343,
    0.7779604330820248,
    0.7758630463125673,
    0.7771384842129131,
    0.7762031630859929
  ],
  "report": {
    "Easy": {
      "precision": 0.01758366420873511,
      "recall": 0.2445759368836292,
      "f1-score": 0.03280857256250827,
      "support": 507.0
    },
    "Hard": {
      "precision": 0.989148079119822,
      "recall": 0.7596324768566614,
      "f1-score": 0.8593290939242391,
      "support": 86634.0
    },
    "Medium": {
      "precision": 0.02441526466967583,
      "recall": 0.3352112676056338,
      "f1-score": 0.04551539491298527,
      "support": 1065.0
    },
    "accuracy": 0.7515475137745732,
    "macro avg": {
      "precision": 0.34371566933274433,
      "recall": 0.44647322711530807,
      "f1-score": 0.3125510204665775,
      "support": 88206.0
    },
    "weighted avg": {
      "precision": 0.9719154236797236,
      "recall": 0.7515475137745732,
      "f1-score": 0.8447523361778568,
      "support": 88206.0
    }
  },
  "train_samples": 352821,
  "test_samples": 88206,
  "total_samples": 441027,
  "tfidf_features": 10000
}